UserID,Name,email,password,role
1,Manav,manav@shopsmart.local,password123,user
2,ArdKn,ardkn@shopsmart.local,password123,user
3,Kunal,kunal@shopsmart.local,password123,user
4,Omkar dhale,omkardhale@shopsmart.local,password123,user
5,rahuls6099,rahuls6099@shopsmart.local,password123,user
6,Jayesh,jayesh@shopsmart.local,password123,user
7,Vivek kumar,vivekkumar@shopsmart.local,password123,user
8,Pavan A H,pavanah@shopsmart.local,password123,user
9,Azhar JuMan,azharjuman@shopsmart.local,password123,user
10,Tanya,tanya@shopsmart.local,password123,user
11,Rishav Gossain,rishavgossain@shopsmart.local,password123,user
12,Priya,priya@shopsmart.local,password123,user
13,Deepaak Singh,deepaaksingh@shopsmart.local,password123,user
14,Birendra ku Dash,birendrakudash@shopsmart.local,password123,user
15,Manoj maddheshiya,manojmaddheshiya@shopsmart.local,password123,user
16,Rohan Narkar,rohannarkar@shopsmart.local,password123,user
17,NIRMAL.N,nirmal.n@shopsmart.local,password123,user
18,Prasannavijayaraghavan G.,prasannavijayaraghavang.@shopsmart.local,password123,user
19,aditya d.,adityad.@shopsmart.local,password123,user
20,Rahman Ali,rahmanali@shopsmart.local,password123,user
21,$@|\|TO$|-|,$@|\|to$|-|@shopsmart.local,password123,user
22,Ayush,ayush@shopsmart.local,password123,user
23,Yashpreet Singh,yashpreetsingh@shopsmart.local,password123,user
24,ATHARVA BONDRE,atharvabondre@shopsmart.local,password123,user
25,Anand sarma,anandsarma@shopsmart.local,password123,user
26,Amazon Customer,amazoncustomer@shopsmart.local,password123,user
27,GHOST,ghost@shopsmart.local,password123,user
28,Pravin Kumar,pravinkumar@shopsmart.local,password123,user
29,Rishabh,rishabh@shopsmart.local,password123,user
30,Pratyush Pahuja,pratyushpahuja@shopsmart.local,password123,user
31,Verified Buyer,verifiedbuyer@shopsmart.local,password123,user
32,Placeholder,placeholder@shopsmart.local,password123,user
33,Wraith,wraith@shopsmart.local,password123,user
34,Anmol,anmol@shopsmart.local,password123,user
35,Abhishek Kumar,abhishekkumar@shopsmart.local,password123,user
36,Koushal K Jain,koushalkjain@shopsmart.local,password123,user
37,Shiva,shiva@shopsmart.local,password123,user
38,Sameer Patil,sameerpatil@shopsmart.local,password123,user
39,Paul Joe,pauljoe@shopsmart.local,password123,user
40,Amazon Customer,amazoncustomer@shopsmart.local,password123,user
41,nilesh,nilesh@shopsmart.local,password123,user
42,MONTY,monty@shopsmart.local,password123,user
43,Neeraj Vishwakarma,neerajvishwakarma@shopsmart.local,password123,user
44,Anonymous,anonymous@shopsmart.local,password123,user
45,Arun verma,arunverma@shopsmart.local,password123,user
46,Amazon Customer,amazoncustomer@shopsmart.local,password123,user
47,Vipan Agnihotri,vipanagnihotri@shopsmart.local,password123,user
48,Jacob.,jacob.@shopsmart.local,password123,user
49,nisar,nisar@shopsmart.local,password123,user
50,Arun S.,aruns.@shopsmart.local,password123,user
51,Periyasamy,periyasamy@shopsmart.local,password123,user
52,Binu,binu@shopsmart.local,password123,user
53,pruthvi natraj,pruthvinatraj@shopsmart.local,password123,user
54,harpreet,harpreet@shopsmart.local,password123,user
55,prateeq,prateeq@shopsmart.local,password123,user
56,Thenmozhi,thenmozhi@shopsmart.local,password123,user
57,ARUN KUMAR A V,arunkumarav@shopsmart.local,password123,user
58,Prashant Pradhan,prashantpradhan@shopsmart.local,password123,user
59,Hremant,hremant@shopsmart.local,password123,user
60,Ravi Shankar,ravishankar@shopsmart.local,password123,user
61,Satyanarayana,satyanarayana@shopsmart.local,password123,user
62,Vijayan C V,vijayancv@shopsmart.local,password123,user
63,livin sebi,livinsebi@shopsmart.local,password123,user
64,Gopal krishna rout,gopalkrishnarout@shopsmart.local,password123,user
65,Actual user,actualuser@shopsmart.local,password123,user
66,Nilesh K Salvi,nileshksalvi@shopsmart.local,password123,user
67,Vinay,vinay@shopsmart.local,password123,user
68,Dharminder Singh Singha,dharmindersinghsingha@shopsmart.local,password123,user
69,Naresh Patel,nareshpatel@shopsmart.local,password123,user
70,𝕵𝖆𝖙𝖎𝖓 𝕮𝖍𝖆𝖉𝖍𝖆,𝕵𝖆𝖙𝖎𝖓𝕮𝖍𝖆𝖉𝖍𝖆@shopsmart.local,password123,user
71,Sunil Funde,sunilfunde@shopsmart.local,password123,user
72,Nadhiyarasan,nadhiyarasan@shopsmart.local,password123,user
73,SQL,sql@shopsmart.local,password123,user
74,Vivek Ramachandran,vivekramachandran@shopsmart.local,password123,user
75,KIRAN BABU BIREDDI,kiranbabubireddi@shopsmart.local,password123,user
76,Mohseen Qureshi,mohseenqureshi@shopsmart.local,password123,user
77,mohamednathar,mohamednathar@shopsmart.local,password123,user
78,kishore movva,kishoremovva@shopsmart.local,password123,user
79,MOINUL H.,moinulh.@shopsmart.local,password123,user
80,Kiran Kolla,kirankolla@shopsmart.local,password123,user
81,parvinder singh,parvindersingh@shopsmart.local,password123,user
82,Ananya S.,ananyas.@shopsmart.local,password123,user
83,Pritam Roy,pritamroy@shopsmart.local,password123,user
84,Pratik,pratik@shopsmart.local,password123,user
85,sameer Dubey,sameerdubey@shopsmart.local,password123,user
86,AkashP.,akashp.@shopsmart.local,password123,user
87,UtdBuzz,utdbuzz@shopsmart.local,password123,user
88,Ankit,ankit@shopsmart.local,password123,user
89,Rishi V,rishiv@shopsmart.local,password123,user
90,ravi,ravi@shopsmart.local,password123,user
91,Rathod Lakhan,rathodlakhan@shopsmart.local,password123,user
92,Anand Tiwari,anandtiwari@shopsmart.local,password123,user
93,PARVEJ MALLICK,parvejmallick@shopsmart.local,password123,user
94,SyedShoaib Afnan,syedshoaibafnan@shopsmart.local,password123,user
95,Ganesh,ganesh@shopsmart.local,password123,user
96,Abhishek Shode,abhishekshode@shopsmart.local,password123,user
97,Denzil Varghese,denzilvarghese@shopsmart.local,password123,user
98,Ravi Naresh,ravinaresh@shopsmart.local,password123,user
99,Ranjeet Singh,ranjeetsingh@shopsmart.local,password123,user
100,Amazon Customer,amazoncustomer@shopsmart.local,password123,user
101,giribabu,giribabu@shopsmart.local,password123,user
102,Swapnil N,swapniln@shopsmart.local,password123,user
103,Madhu Sudan Rankawat,madhusudanrankawat@shopsmart.local,password123,user
104,Arun,arun@shopsmart.local,password123,user
105,Amazon Customer,amazoncustomer@shopsmart.local,password123,user
106,Ranjith,ranjith@shopsmart.local,password123,user
107,Raj Mohammed,rajmohammed@shopsmart.local,password123,user
108,Mandar Joglekar,mandarjoglekar@shopsmart.local,password123,user
109,Vishal Nagpal,vishalnagpal@shopsmart.local,password123,user
110,Abhay Goyal,abhaygoyal@shopsmart.local,password123,user
111,Girija Mohapatra,girijamohapatra@shopsmart.local,password123,user
112,Fateh,fateh@shopsmart.local,password123,user
113,ABHAY SINGH,abhaysingh@shopsmart.local,password123,user
114,Brian Visvasam,brianvisvasam@shopsmart.local,password123,user
115,Siddhartha G.,siddharthag.@shopsmart.local,password123,user
116,Mahender Singh,mahendersingh@shopsmart.local,password123,user
117,Sreejith ks,sreejithks@shopsmart.local,password123,user
118,CH Venkatesh,chvenkatesh@shopsmart.local,password123,user
119,Akmathambil | XplCreR,akmathambil|xplcrer@shopsmart.local,password123,user
120,anurag jain,anuragjain@shopsmart.local,password123,user
121,Amazon Customer,amazoncustomer@shopsmart.local,password123,user
122,Amazon Customer,amazoncustomer@shopsmart.local,password123,user
123,T A Rajagopal,tarajagopal@shopsmart.local,password123,user
124,Amazon Customer,amazoncustomer@shopsmart.local,password123,user
125,SMG,smg@shopsmart.local,password123,user
126,Nik Xavier,nikxavier@shopsmart.local,password123,user
127,Khan,khan@shopsmart.local,password123,user
128,Pinky,pinky@shopsmart.local,password123,user
129,MANIK SK,maniksk@shopsmart.local,password123,user
130,Moon Tej,moontej@shopsmart.local,password123,user
131,Ajinkya M K,ajinkyamk@shopsmart.local,password123,user
132,Shweta Bairagi,shwetabairagi@shopsmart.local,password123,user
133,Soumya R.,soumyar.@shopsmart.local,password123,user
134,Amazon Customer,amazoncustomer@shopsmart.local,password123,user
135,POTNURU RAJINI,potnururajini@shopsmart.local,password123,user
136,ravi,ravi@shopsmart.local,password123,user
137,S R.,sr.@shopsmart.local,password123,user
138,Abhirup,abhirup@shopsmart.local,password123,user
139,Aaditya,aaditya@shopsmart.local,password123,user
140,Gaurab Chakraborty,gaurabchakraborty@shopsmart.local,password123,user
141,Partha biswas,parthabiswas@shopsmart.local,password123,user
142,Sunil Jeurkar,suniljeurkar@shopsmart.local,password123,user
143,Pete25,pete25@shopsmart.local,password123,user
144,Saswat kumar Rout,saswatkumarrout@shopsmart.local,password123,user
145,Dr. R.,dr.r.@shopsmart.local,password123,user
146,samarth shukla,samarthshukla@shopsmart.local,password123,user
147,VM,vm@shopsmart.local,password123,user
148,Raja Vankadara,rajavankadara@shopsmart.local,password123,user
149,padmaprasaad,padmaprasaad@shopsmart.local,password123,user
150,Angsuman DUtta,angsumandutta@shopsmart.local,password123,user
151,Srinivas Pasumarthi,srinivaspasumarthi@shopsmart.local,password123,user
152,Surya Praveen,suryapraveen@shopsmart.local,password123,user
153,Kakulie,kakulie@shopsmart.local,password123,user
154,R Ramesh,rramesh@shopsmart.local,password123,user
155,Seyadhu Hussain,seyadhuhussain@shopsmart.local,password123,user
156,Digvijay Kharbas,digvijaykharbas@shopsmart.local,password123,user
157,jagadish,jagadish@shopsmart.local,password123,user
158,Amazon Customer,amazoncustomer@shopsmart.local,password123,user
159,Arul Prakash,arulprakash@shopsmart.local,password123,user
160,Amazon Customer,amazoncustomer@shopsmart.local,password123,user
161,That Crazy Photographer,thatcrazyphotographer@shopsmart.local,password123,user
162,Sangita,sangita@shopsmart.local,password123,user
163,Ajay kumar,ajaykumar@shopsmart.local,password123,user
164,Rashmi,rashmi@shopsmart.local,password123,user
165,Amjith' S,amjith's@shopsmart.local,password123,user
166,Bharanidharan,bharanidharan@shopsmart.local,password123,user
167,Ajay,ajay@shopsmart.local,password123,user
168,Yamini Negi,yamininegi@shopsmart.local,password123,user
169,SNR,snr@shopsmart.local,password123,user
170,chandra,chandra@shopsmart.local,password123,user
171,Lokesh bhandari,lokeshbhandari@shopsmart.local,password123,user
172,Amazon Customer,amazoncustomer@shopsmart.local,password123,user
173,ravindra,ravindra@shopsmart.local,password123,user
174,Rohit aggarwal,rohitaggarwal@shopsmart.local,password123,user
175,Harihara,harihara@shopsmart.local,password123,user
176,Anubhab,anubhab@shopsmart.local,password123,user
177,sanjay,sanjay@shopsmart.local,password123,user
178,Amazon Customer,amazoncustomer@shopsmart.local,password123,user
179,Prat JD,pratjd@shopsmart.local,password123,user
180,Rakesh Reddy,rakeshreddy@shopsmart.local,password123,user
181,Manoj  kumar,manojkumar@shopsmart.local,password123,user
182,umakanth,umakanth@shopsmart.local,password123,user
183,saidheeraj ravipati,saidheerajravipati@shopsmart.local,password123,user
184,Ankita Thakur,ankitathakur@shopsmart.local,password123,user
185,HaRshal Kapote,harshalkapote@shopsmart.local,password123,user
186,Jayraj Datta,jayrajdatta@shopsmart.local,password123,user
187,Princey,princey@shopsmart.local,password123,user
188,Chandu,chandu@shopsmart.local,password123,user
189,Aneesh See Yay,aneeshseeyay@shopsmart.local,password123,user
190,David P.,davidp.@shopsmart.local,password123,user
191,Rakesh Roshan Koul,rakeshroshankoul@shopsmart.local,password123,user
192,hema,hema@shopsmart.local,password123,user
193,Tarun Gupta,tarungupta@shopsmart.local,password123,user
194,Samadhan patil,samadhanpatil@shopsmart.local,password123,user
195,Arun Rajappa,arunrajappa@shopsmart.local,password123,user
196,DINESHWAR,dineshwar@shopsmart.local,password123,user
197,Vikas,vikas@shopsmart.local,password123,user
198,Jarlina Nath,jarlinanath@shopsmart.local,password123,user
199,Sayan Dutta,sayandutta@shopsmart.local,password123,user
200,Amit Singh,amitsingh@shopsmart.local,password123,user
201,SUSHANT,sushant@shopsmart.local,password123,user
202,meen rajan.,meenrajan.@shopsmart.local,password123,user
203,Ajay Singh,ajaysingh@shopsmart.local,password123,user
204,Rohit Bhatnagar,rohitbhatnagar@shopsmart.local,password123,user
205,Ahmad,ahmad@shopsmart.local,password123,user
206,Praburaj,praburaj@shopsmart.local,password123,user
207,Amazon Customer,amazoncustomer@shopsmart.local,password123,user
208,Sachin Dsouza,sachindsouza@shopsmart.local,password123,user
209,Amazon Customer,amazoncustomer@shopsmart.local,password123,user
210,Mahesh Janardhanan,maheshjanardhanan@shopsmart.local,password123,user
211,Mohd Arshad,mohdarshad@shopsmart.local,password123,user
212,Pranav,pranav@shopsmart.local,password123,user
213,Rajni Gupta,rajnigupta@shopsmart.local,password123,user
214,Logaraj m,logarajm@shopsmart.local,password123,user
215,Shilpa M,shilpam@shopsmart.local,password123,user
216,Sandip Shingrakhia,sandipshingrakhia@shopsmart.local,password123,user
217,Harish Thirunahari,harishthirunahari@shopsmart.local,password123,user
218,saatwik,saatwik@shopsmart.local,password123,user
219,yash,yash@shopsmart.local,password123,user
220,Jitu,jitu@shopsmart.local,password123,user
221,SOURAV DAS,souravdas@shopsmart.local,password123,user
222,Abhijit Mukherjee,abhijitmukherjee@shopsmart.local,password123,user
223,Kalyan Matamarugu,kalyanmatamarugu@shopsmart.local,password123,user
224,Geeta,geeta@shopsmart.local,password123,user
225,Chandrabose C,chandrabosec@shopsmart.local,password123,user
226,Love,love@shopsmart.local,password123,user
227,Bapuni,bapuni@shopsmart.local,password123,user
228,Shivakumar,shivakumar@shopsmart.local,password123,user
229,Suvaraj d.,suvarajd.@shopsmart.local,password123,user
230,Willgo Green,willgogreen@shopsmart.local,password123,user
231,Mahesh savale,maheshsavale@shopsmart.local,password123,user
232,Pranjal,pranjal@shopsmart.local,password123,user
233,Ajay Kumar,ajaykumar@shopsmart.local,password123,user
234,Sparrsh Sharrma,sparrshsharrma@shopsmart.local,password123,user
235,Aakaash Ramchandani,aakaashramchandani@shopsmart.local,password123,user
236,Wasim Mulla,wasimmulla@shopsmart.local,password123,user
237,jegadheesan,jegadheesan@shopsmart.local,password123,user
238,Uzair Drabu,uzairdrabu@shopsmart.local,password123,user
239,Hemal Jani,hemaljani@shopsmart.local,password123,user
240,Baiju.MS,baiju.ms@shopsmart.local,password123,user
241,BRG Goud,brggoud@shopsmart.local,password123,user
242,Manikantan V,manikantanv@shopsmart.local,password123,user
243,MATHEW JOSE,mathewjose@shopsmart.local,password123,user
244,Naveen..navee,naveen..navee@shopsmart.local,password123,user
245,MUNIYANDI. D,muniyandi.d@shopsmart.local,password123,user
246,Partha S.,parthas.@shopsmart.local,password123,user
247,ESAMPALLI ANUDEEP,esampallianudeep@shopsmart.local,password123,user
248,Abdul Gafur,abdulgafur@shopsmart.local,password123,user
249,Shankar Raman,shankarraman@shopsmart.local,password123,user
250,Sony Soniyal,sonysoniyal@shopsmart.local,password123,user
251,Amazon Customer,amazoncustomer@shopsmart.local,password123,user
252,Mohammed Auquib Hussain A,mohammedauquibhussaina@shopsmart.local,password123,user
253,Manoj S.,manojs.@shopsmart.local,password123,user
254,venkatesh kg,venkateshkg@shopsmart.local,password123,user
255,yogita ratre,yogitaratre@shopsmart.local,password123,user
256,AV,av@shopsmart.local,password123,user
257,Mahesh Paryani,maheshparyani@shopsmart.local,password123,user
258,Vaishnavi,vaishnavi@shopsmart.local,password123,user
259,ASR,asr@shopsmart.local,password123,user
260,Prashant,prashant@shopsmart.local,password123,user
261,Sumit Nath,sumitnath@shopsmart.local,password123,user
262,virender malhotra,virendermalhotra@shopsmart.local,password123,user
263,Prasad Pavithran,prasadpavithran@shopsmart.local,password123,user
264,Sunny J.,sunnyj.@shopsmart.local,password123,user
265,Vishnu VP,vishnuvp@shopsmart.local,password123,user
266,Suleman saifi,sulemansaifi@shopsmart.local,password123,user
267,Mahantesh,mahantesh@shopsmart.local,password123,user
268,Rakesh Roshan,rakeshroshan@shopsmart.local,password123,user
269,tarun kumar,tarunkumar@shopsmart.local,password123,user
270,Topchi,topchi@shopsmart.local,password123,user
271,Debanshu Saha,debanshusaha@shopsmart.local,password123,user
272,Harsh Saxena,harshsaxena@shopsmart.local,password123,user
273,Ranjitha Parida,ranjithaparida@shopsmart.local,password123,user
274,Rahul Singh Rauthan,rahulsinghrauthan@shopsmart.local,password123,user
275,Atulya Sinha,atulyasinha@shopsmart.local,password123,user
276,Satheesh Kadiam,satheeshkadiam@shopsmart.local,password123,user
277,Deepankar G.,deepankarg.@shopsmart.local,password123,user
278,Amazon Customer,amazoncustomer@shopsmart.local,password123,user
279,Roshan Renji Cherian,roshanrenjicherian@shopsmart.local,password123,user
280,Vineet,vineet@shopsmart.local,password123,user
281,Sanjay G.,sanjayg.@shopsmart.local,password123,user
282,siddharth patnaik,siddharthpatnaik@shopsmart.local,password123,user
283,Amit Kumar singh,amitkumarsingh@shopsmart.local,password123,user
284,ANURAG,anurag@shopsmart.local,password123,user
285,Shyam,shyam@shopsmart.local,password123,user
286,Chandra.g,chandra.g@shopsmart.local,password123,user
287,Indro,indro@shopsmart.local,password123,user
288,Akash V.,akashv.@shopsmart.local,password123,user
289,Sankalpa Chakma,sankalpachakma@shopsmart.local,password123,user
290,Goutham Giridhar Kamath,gouthamgiridharkamath@shopsmart.local,password123,user
291,Andy,andy@shopsmart.local,password123,user
292,Shekhar Badola,shekharbadola@shopsmart.local,password123,user
293,Soumendra Pattanayak,soumendrapattanayak@shopsmart.local,password123,user
294,pawhnai,pawhnai@shopsmart.local,password123,user
295,Bhathresh,bhathresh@shopsmart.local,password123,user
296,Syed Musaddiq Shazeb,syedmusaddiqshazeb@shopsmart.local,password123,user
297,Chinmoy Saikia,chinmoysaikia@shopsmart.local,password123,user
298,Diamond heart,diamondheart@shopsmart.local,password123,user
299,Isfahan A,isfahana@shopsmart.local,password123,user
300,Dinesh Kumar,dineshkumar@shopsmart.local,password123,user
301,Rohan Kumar Gupta,rohankumargupta@shopsmart.local,password123,user
302,RAMKISAN,ramkisan@shopsmart.local,password123,user
303,Chyanika,chyanika@shopsmart.local,password123,user
304,Vikrant,vikrant@shopsmart.local,password123,user
305,archit,archit@shopsmart.local,password123,user
306,Dongay Rajasekhar Panda,dongayrajasekharpanda@shopsmart.local,password123,user
307,Velir,velir@shopsmart.local,password123,user
308,Meghnad,meghnad@shopsmart.local,password123,user
309,Samar Kumar Das,samarkumardas@shopsmart.local,password123,user
310,paul,paul@shopsmart.local,password123,user
311,Santosh Verma,santoshverma@shopsmart.local,password123,user
312,Ajit Kumar Rai,ajitkumarrai@shopsmart.local,password123,user
313,Tanu,tanu@shopsmart.local,password123,user
314,Sethu madhav,sethumadhav@shopsmart.local,password123,user
315,Aditya Jha,adityajha@shopsmart.local,password123,user
316,Abdul Moiz,abdulmoiz@shopsmart.local,password123,user
317,Ankita Dwivedi,ankitadwivedi@shopsmart.local,password123,user
318,Thukkaram,thukkaram@shopsmart.local,password123,user
319,sarangam guru prasad,sarangamguruprasad@shopsmart.local,password123,user
320,Suhail Kazmi,suhailkazmi@shopsmart.local,password123,user
321,Rajasekhar,rajasekhar@shopsmart.local,password123,user
322,VK,vk@shopsmart.local,password123,user
323,Ishwar Singh Sankhla,ishwarsinghsankhla@shopsmart.local,password123,user
324,Jeeshan,jeeshan@shopsmart.local,password123,user
325,App,app@shopsmart.local,password123,user
326,anurag,anurag@shopsmart.local,password123,user
327,Ranit Barman,ranitbarman@shopsmart.local,password123,user
328,Prabhat Chaudhary,prabhatchaudhary@shopsmart.local,password123,user
329,Sweta B.,swetab.@shopsmart.local,password123,user
330,Anirban,anirban@shopsmart.local,password123,user
331,Deepak Rathod,deepakrathod@shopsmart.local,password123,user
332,Shaik John Saida,shaikjohnsaida@shopsmart.local,password123,user
333,jagdish,jagdish@shopsmart.local,password123,user
334,Sneha Suyal,snehasuyal@shopsmart.local,password123,user
335,Rajan Raju,rajanraju@shopsmart.local,password123,user
336,Santosh Kumar,santoshkumar@shopsmart.local,password123,user
337,ANUSAYA KAR,anusayakar@shopsmart.local,password123,user
338,Unknown,unknown@shopsmart.local,password123,user
339,dhruvi,dhruvi@shopsmart.local,password123,user
340,Kindle Customer,kindlecustomer@shopsmart.local,password123,user
341,PTS,pts@shopsmart.local,password123,user
342,Ajit Srivastava,ajitsrivastava@shopsmart.local,password123,user
343,Gojo Satoru,gojosatoru@shopsmart.local,password123,user
344,Kranti Telgote,krantitelgote@shopsmart.local,password123,user
345,Kapil kumar,kapilkumar@shopsmart.local,password123,user
346,Amazon Customer,amazoncustomer@shopsmart.local,password123,user
347,Amazon Customer,amazoncustomer@shopsmart.local,password123,user
348,Mukul Ghosalkar,mukulghosalkar@shopsmart.local,password123,user
349,Vishal shah,vishalshah@shopsmart.local,password123,user
350,Amazon Customer,amazoncustomer@shopsmart.local,password123,user
351,SYED SHABEENA,syedshabeena@shopsmart.local,password123,user
352,Amazon Customer,amazoncustomer@shopsmart.local,password123,user
353,Bristidev Burman,bristidevburman@shopsmart.local,password123,user
354,Kirti Sardana,kirtisardana@shopsmart.local,password123,user
355,Sean m.,seanm.@shopsmart.local,password123,user
356,Arijit Mishra,arijitmishra@shopsmart.local,password123,user
357,Amazon Customer,amazoncustomer@shopsmart.local,password123,user
358,Prashant,prashant@shopsmart.local,password123,user
359,Sheetal,sheetal@shopsmart.local,password123,user
360,Bipul s.,bipuls.@shopsmart.local,password123,user
361,Saunak,saunak@shopsmart.local,password123,user
362,Subhra S.,subhras.@shopsmart.local,password123,user
363,Rajkumar,rajkumar@shopsmart.local,password123,user
364,shiv,shiv@shopsmart.local,password123,user
365,Sagar,sagar@shopsmart.local,password123,user
366,Manoj Nagabhairu,manojnagabhairu@shopsmart.local,password123,user
367,Vishal Bhardwaj,vishalbhardwaj@shopsmart.local,password123,user
368,Shyam,shyam@shopsmart.local,password123,user
369,Gourab Kumar Patro,gourabkumarpatro@shopsmart.local,password123,user
370,Krishna S Mohan,krishnasmohan@shopsmart.local,password123,user
371,Ashish kumar,ashishkumar@shopsmart.local,password123,user
372,dk yadav,dkyadav@shopsmart.local,password123,user
373,Jigar panchal,jigarpanchal@shopsmart.local,password123,user
374,Placeholder,placeholder@shopsmart.local,password123,user
375,Ram K,ramk@shopsmart.local,password123,user
376,Richard,richard@shopsmart.local,password123,user
377,Gourav Choudhrani,gouravchoudhrani@shopsmart.local,password123,user
378,Rajesh Martis,rajeshmartis@shopsmart.local,password123,user
379,shaan bishwas,shaanbishwas@shopsmart.local,password123,user
380,Shanti Devi,shantidevi@shopsmart.local,password123,user
381,Rajat,rajat@shopsmart.local,password123,user
382,Mihir Deshpande,mihirdeshpande@shopsmart.local,password123,user
383,N. Lalhunchhungi,n.lalhunchhungi@shopsmart.local,password123,user
384,Sudhir Kumar saxena,sudhirkumarsaxena@shopsmart.local,password123,user
385,vivek vinod,vivekvinod@shopsmart.local,password123,user
386,Dileep,dileep@shopsmart.local,password123,user
387,Debasish Bhukta,debasishbhukta@shopsmart.local,password123,user
388,Mohammed Suhail,mohammedsuhail@shopsmart.local,password123,user
389,Sujili v,sujiliv@shopsmart.local,password123,user
390,PREMAL H. SHAH,premalh.shah@shopsmart.local,password123,user
391,Prabhanjan,prabhanjan@shopsmart.local,password123,user
392,Harshwardhan shinde,harshwardhanshinde@shopsmart.local,password123,user
393,Neeraj Kumar,neerajkumar@shopsmart.local,password123,user
394,Suresh jaat,sureshjaat@shopsmart.local,password123,user
395,Adwait Kulkarni,adwaitkulkarni@shopsmart.local,password123,user
396,narsatya,narsatya@shopsmart.local,password123,user
397,Ak,ak@shopsmart.local,password123,user
398,Anindya,anindya@shopsmart.local,password123,user
399,RAJIV D.,rajivd.@shopsmart.local,password123,user
400,Anand,anand@shopsmart.local,password123,user
401,Udayakumar R.,udayakumarr.@shopsmart.local,password123,user
402,Amazon Customer,amazoncustomer@shopsmart.local,password123,user
403,Punyabrata Mondal,punyabratamondal@shopsmart.local,password123,user
404,G D PUKALE,gdpukale@shopsmart.local,password123,user
405,LAKSHMI NARAYANA HANUMANTHU,lakshminarayanahanumanthu@shopsmart.local,password123,user
406,Deepanshu saini,deepanshusaini@shopsmart.local,password123,user
407,Aby Jimson,abyjimson@shopsmart.local,password123,user
408,Pooja,pooja@shopsmart.local,password123,user
409,Happy customer,happycustomer@shopsmart.local,password123,user
410,Varun,varun@shopsmart.local,password123,user
411,Shridhan Varadkar,shridhanvaradkar@shopsmart.local,password123,user
412,Sandip Roy,sandiproy@shopsmart.local,password123,user
413,Minhaj Mohd,minhajmohd@shopsmart.local,password123,user
414,Mohammad Noushad,mohammadnoushad@shopsmart.local,password123,user
415,Gopinathan,gopinathan@shopsmart.local,password123,user
416,Gatij saini,gatijsaini@shopsmart.local,password123,user
417,Amit Shrivastava,amitshrivastava@shopsmart.local,password123,user
418,Sameer,sameer@shopsmart.local,password123,user
419,Clifford Francis,cliffordfrancis@shopsmart.local,password123,user
420,Harsh Kumar,harshkumar@shopsmart.local,password123,user
421,Pallavi Varur,pallavivarur@shopsmart.local,password123,user
422,IC,ic@shopsmart.local,password123,user
423,Wilson Patel,wilsonpatel@shopsmart.local,password123,user
424,HARDIK A.,hardika.@shopsmart.local,password123,user
425,Mananveer singh,mananveersingh@shopsmart.local,password123,user
426,Ruman,ruman@shopsmart.local,password123,user
427,Akash Kumar,akashkumar@shopsmart.local,password123,user
428,Srikar Kandikonda,srikarkandikonda@shopsmart.local,password123,user
429,Vajrala s.,vajralas.@shopsmart.local,password123,user
430,Amazon Customer,amazoncustomer@shopsmart.local,password123,user
431,A. Dubey,a.dubey@shopsmart.local,password123,user
432,Rashmi Joshi,rashmijoshi@shopsmart.local,password123,user
433,Devendra,devendra@shopsmart.local,password123,user
434,Selva sibi,selvasibi@shopsmart.local,password123,user
435,Brijesh Kamani,brijeshkamani@shopsmart.local,password123,user
436,Kevin Nathan S,kevinnathans@shopsmart.local,password123,user
437,Gopinadh.P,gopinadh.p@shopsmart.local,password123,user
438,Vivek,vivek@shopsmart.local,password123,user
439,Manish,manish@shopsmart.local,password123,user
440,Dhiraj Bansal,dhirajbansal@shopsmart.local,password123,user
441,Safiya,safiya@shopsmart.local,password123,user
442,muhamad s.,muhamads.@shopsmart.local,password123,user
443,Dhirendar,dhirendar@shopsmart.local,password123,user
444,V.W.,v.w.@shopsmart.local,password123,user
445,Mukesh Maurya,mukeshmaurya@shopsmart.local,password123,user
446,Jojo Dominic,jojodominic@shopsmart.local,password123,user
447,Avnish Kshirsagar,avnishkshirsagar@shopsmart.local,password123,user
448,Reetu Solanki,reetusolanki@shopsmart.local,password123,user
449,Shraddha,shraddha@shopsmart.local,password123,user
450,Pratyush,pratyush@shopsmart.local,password123,user
451,Ananthu,ananthu@shopsmart.local,password123,user
452,Kishor Patro,kishorpatro@shopsmart.local,password123,user
453,vasanth,vasanth@shopsmart.local,password123,user
454,Sagarjit,sagarjit@shopsmart.local,password123,user
455,Saikat Chakravorty,saikatchakravorty@shopsmart.local,password123,user
456,Sandeep K.,sandeepk.@shopsmart.local,password123,user
457,Pranav Pacholee,pranavpacholee@shopsmart.local,password123,user
458,Malik,malik@shopsmart.local,password123,user
459,soma sekhar,somasekhar@shopsmart.local,password123,user
460,Amita,amita@shopsmart.local,password123,user
461,Divya Nancy,divyanancy@shopsmart.local,password123,user
462,Genuine Reviewer,genuinereviewer@shopsmart.local,password123,user
463,ram,ram@shopsmart.local,password123,user
464,Hariom Mishra,hariommishra@shopsmart.local,password123,user
465,Rahil,rahil@shopsmart.local,password123,user
466,Kshitij,kshitij@shopsmart.local,password123,user
467,Anirban B.,anirbanb.@shopsmart.local,password123,user
468,Wajiha,wajiha@shopsmart.local,password123,user
469,Rameez Khan,rameezkhan@shopsmart.local,password123,user
470,Alif Rahaman,alifrahaman@shopsmart.local,password123,user
471,Noble P Mathew,noblepmathew@shopsmart.local,password123,user
472,Arun,arun@shopsmart.local,password123,user
473,Naga Sai Gadagottu,nagasaigadagottu@shopsmart.local,password123,user
474,Hrishikesh,hrishikesh@shopsmart.local,password123,user
475,kishorekr,kishorekr@shopsmart.local,password123,user
476,Joel Thomas,joelthomas@shopsmart.local,password123,user
477,Satya Sai Behera,satyasaibehera@shopsmart.local,password123,user
478,Ghazal,ghazal@shopsmart.local,password123,user
479,Nidhi,nidhi@shopsmart.local,password123,user
480,Kshitij D.,kshitijd.@shopsmart.local,password123,user
481,Achint,achint@shopsmart.local,password123,user
482,Aadi Injal,aadiinjal@shopsmart.local,password123,user
483,Amazon Customer,amazoncustomer@shopsmart.local,password123,user
484,Mr. Nøbødy,mr.nøbødy@shopsmart.local,password123,user
485,Ravi Kumar s/o Devraj,ravikumars/odevraj@shopsmart.local,password123,user
486,suraj,suraj@shopsmart.local,password123,user
487,Bhuwaneshwar kathlane,bhuwaneshwarkathlane@shopsmart.local,password123,user
488,lucky,lucky@shopsmart.local,password123,user
489,Amazonnig,amazonnig@shopsmart.local,password123,user
490,Siddharth suman,siddharthsuman@shopsmart.local,password123,user
491,Maxrock89,maxrock89@shopsmart.local,password123,user
492,Narasimha Rao,narasimharao@shopsmart.local,password123,user
493,T N Sivaji,tnsivaji@shopsmart.local,password123,user
494,Uday Joglekar,udayjoglekar@shopsmart.local,password123,user
495,Hamsavarthini,hamsavarthini@shopsmart.local,password123,user
496,Souradip,souradip@shopsmart.local,password123,user
497,RAHUL GOUD,rahulgoud@shopsmart.local,password123,user
498,Murali am,muraliam@shopsmart.local,password123,user
499,Dakshvir Singh,dakshvirsingh@shopsmart.local,password123,user
500,Shafeer Pn,shafeerpn@shopsmart.local,password123,user
501,Chandrashekar SK,chandrashekarsk@shopsmart.local,password123,user
502,Vaishnavi Khedekar,vaishnavikhedekar@shopsmart.local,password123,user
503,Abhishek,abhishek@shopsmart.local,password123,user
504,Jasmeen,jasmeen@shopsmart.local,password123,user
505,Dipu,dipu@shopsmart.local,password123,user
506,Arun J,arunj@shopsmart.local,password123,user
507,Abhi_K,abhi_k@shopsmart.local,password123,user
508,Amazon Customer,amazoncustomer@shopsmart.local,password123,user
509,Dilip Kumar,dilipkumar@shopsmart.local,password123,user
510,aravind,aravind@shopsmart.local,password123,user
511,Suraj Singh,surajsingh@shopsmart.local,password123,user
512,Ansh KaTariA,anshkataria@shopsmart.local,password123,user
513,Rajesh Panchanathan,rajeshpanchanathan@shopsmart.local,password123,user
514,Amazon Customer,amazoncustomer@shopsmart.local,password123,user
515,Prasad,prasad@shopsmart.local,password123,user
516,A K Rai,akrai@shopsmart.local,password123,user
517,Vaibhav kumar,vaibhavkumar@shopsmart.local,password123,user
518,Yesha Bhatt,yeshabhatt@shopsmart.local,password123,user
519,SRI RAGAV,sriragav@shopsmart.local,password123,user
520,Jagrat,jagrat@shopsmart.local,password123,user
521,Kindle Customer,kindlecustomer@shopsmart.local,password123,user
522,Omar,omar@shopsmart.local,password123,user
523,Anirban Mukherjee,anirbanmukherjee@shopsmart.local,password123,user
524,Arnav,arnav@shopsmart.local,password123,user
525,Aksa akhila,aksaakhila@shopsmart.local,password123,user
526,Annan,annan@shopsmart.local,password123,user
527,Kshanik Rajak,kshanikrajak@shopsmart.local,password123,user
528,Sanjeev Prasad,sanjeevprasad@shopsmart.local,password123,user
529,Diksha Wankhede,dikshawankhede@shopsmart.local,password123,user
530,Divya Sood,divyasood@shopsmart.local,password123,user
531,Parenky Amaresha Adhikari,parenkyamareshaadhikari@shopsmart.local,password123,user
532,Pranjall Kumar,pranjallkumar@shopsmart.local,password123,user
533,Afrina Hasnat,afrinahasnat@shopsmart.local,password123,user
534,Anand Kadu,anandkadu@shopsmart.local,password123,user
535,Rambeer kumar,rambeerkumar@shopsmart.local,password123,user
536,Riz,riz@shopsmart.local,password123,user
537,KNReddy,knreddy@shopsmart.local,password123,user
538,Ankita,ankita@shopsmart.local,password123,user
539,Deepak,deepak@shopsmart.local,password123,user
540,Guhan V,guhanv@shopsmart.local,password123,user
541,Yogeshwaran P EEE,yogeshwaranpeee@shopsmart.local,password123,user
542,Swapnil,swapnil@shopsmart.local,password123,user
543,ABHISHEK SAXENA,abhisheksaxena@shopsmart.local,password123,user
544,Karthik,karthik@shopsmart.local,password123,user
545,shree,shree@shopsmart.local,password123,user
546,shiv pratap singh,shivpratapsingh@shopsmart.local,password123,user
547,Bikki Chowdhury,bikkichowdhury@shopsmart.local,password123,user
548,Surendra,surendra@shopsmart.local,password123,user
549,MOHD NASIM,mohdnasim@shopsmart.local,password123,user
550,Harsha,harsha@shopsmart.local,password123,user
551,Sharon Murmoo,sharonmurmoo@shopsmart.local,password123,user
552,Dr. Mujtaba Ashraf,dr.mujtabaashraf@shopsmart.local,password123,user
553,Ariz Siddique,arizsiddique@shopsmart.local,password123,user
554,Aniket Raj,aniketraj@shopsmart.local,password123,user
555,Kalpesh Panchal,kalpeshpanchal@shopsmart.local,password123,user
556,Abraham M.,abrahamm.@shopsmart.local,password123,user
557,Jrs,jrs@shopsmart.local,password123,user
558,Ayan Chakraborty,ayanchakraborty@shopsmart.local,password123,user
559,ˢᴰ82ˢᶜ ✔️,ˢᴰ82ˢᶜ✔️@shopsmart.local,password123,user
560,Parul Walkey,parulwalkey@shopsmart.local,password123,user
561,Atul Modi,atulmodi@shopsmart.local,password123,user
562,VSMS,vsms@shopsmart.local,password123,user
563,Ehsan Ul Haq,ehsanulhaq@shopsmart.local,password123,user
564,Meghana,meghana@shopsmart.local,password123,user
565,HIREN PARMAR,hirenparmar@shopsmart.local,password123,user
566,kashif,kashif@shopsmart.local,password123,user
567,Subramanian M,subramanianm@shopsmart.local,password123,user
568,Shaikh Faisal,shaikhfaisal@shopsmart.local,password123,user
569,Nafisa Nehar,nafisanehar@shopsmart.local,password123,user
570,Nayeem ur rehman,nayeemurrehman@shopsmart.local,password123,user
571,Vibhor sharma,vibhorsharma@shopsmart.local,password123,user
572,f1rstmehul,f1rstmehul@shopsmart.local,password123,user
573,Amazon Customer,amazoncustomer@shopsmart.local,password123,user
574,Asraful,asraful@shopsmart.local,password123,user
575,Uthiranathan,uthiranathan@shopsmart.local,password123,user
576,Mastercard,mastercard@shopsmart.local,password123,user
577,Jayaprakash,jayaprakash@shopsmart.local,password123,user
578,abhilash n.,abhilashn.@shopsmart.local,password123,user
579,Nikhil M.,nikhilm.@shopsmart.local,password123,user
580,JAYASHANKAR VB,jayashankarvb@shopsmart.local,password123,user
581,Deepak kumar,deepakkumar@shopsmart.local,password123,user
582,Sonubhai,sonubhai@shopsmart.local,password123,user
583,siddhi kamat,siddhikamat@shopsmart.local,password123,user
584,Sancha Bir Subba,sanchabirsubba@shopsmart.local,password123,user
585,Chetan C.,chetanc.@shopsmart.local,password123,user
586,Jaldeep,jaldeep@shopsmart.local,password123,user
587,Rajesh singha,rajeshsingha@shopsmart.local,password123,user
588,K. Vijay Kakulavarapu,k.vijaykakulavarapu@shopsmart.local,password123,user
589,Dip J D,dipjd@shopsmart.local,password123,user
590,Rajendra Singh,rajendrasingh@shopsmart.local,password123,user
591,अशोक वैष्णव,अशोकवैष्णव@shopsmart.local,password123,user
592,Kohana,kohana@shopsmart.local,password123,user
593,vinu,vinu@shopsmart.local,password123,user
594,Manish Kumar Pandey,manishkumarpandey@shopsmart.local,password123,user
595,Vignesh,vignesh@shopsmart.local,password123,user
596,Balamurugan Trivandrum,balamurugantrivandrum@shopsmart.local,password123,user
597,varshini Mani,varshinimani@shopsmart.local,password123,user
598,Satish,satish@shopsmart.local,password123,user
599,Neha,neha@shopsmart.local,password123,user
600,Aditya Chatterjee,adityachatterjee@shopsmart.local,password123,user
601,Parul S.,paruls.@shopsmart.local,password123,user
602,Ravi,ravi@shopsmart.local,password123,user
603,Shahul Hameed Izzath,shahulhameedizzath@shopsmart.local,password123,user
604,zain,zain@shopsmart.local,password123,user
605,Sthith,sthith@shopsmart.local,password123,user
606,Madhusmita singh,madhusmitasingh@shopsmart.local,password123,user
607,Miki,miki@shopsmart.local,password123,user
608,Kulasekaranslrk,kulasekaranslrk@shopsmart.local,password123,user
609,TASAVUR,tasavur@shopsmart.local,password123,user
610,Sasmita Chopdar,sasmitachopdar@shopsmart.local,password123,user
611,Digvijay,digvijay@shopsmart.local,password123,user
612,Aadil Fayaz Naik,aadilfayaznaik@shopsmart.local,password123,user
613,Saksham Gaba,sakshamgaba@shopsmart.local,password123,user
614,Manas,manas@shopsmart.local,password123,user
615,Satish,satish@shopsmart.local,password123,user
616,Somya Meena,somyameena@shopsmart.local,password123,user
617,Dinesh jumani,dineshjumani@shopsmart.local,password123,user
618,🤘🏻🤘🏻,🤘🏻🤘🏻@shopsmart.local,password123,user
619,Anshula Jain,anshulajain@shopsmart.local,password123,user
620,Omm....,omm....@shopsmart.local,password123,user
621,Aparna,aparna@shopsmart.local,password123,user
622,Chandrajeet rav,chandrajeetrav@shopsmart.local,password123,user
623,Sheikh Asif Ismail,sheikhasifismail@shopsmart.local,password123,user
624,ghost parris,ghostparris@shopsmart.local,password123,user
625,Nikhil M.,nikhilm.@shopsmart.local,password123,user
626,BhavenW,bhavenw@shopsmart.local,password123,user
627,Manish,manish@shopsmart.local,password123,user
628,(sic),(sic)@shopsmart.local,password123,user
629,Vigi,vigi@shopsmart.local,password123,user
630,Awesome Shopper,awesomeshopper@shopsmart.local,password123,user
631,Daisy daniel,daisydaniel@shopsmart.local,password123,user
632,Navdeep,navdeep@shopsmart.local,password123,user
633,Devarajan N,devarajann@shopsmart.local,password123,user
634,Amos b.,amosb.@shopsmart.local,password123,user
635,SHAHID SHAIKH,shahidshaikh@shopsmart.local,password123,user
636,Karthick KJV,karthickkjv@shopsmart.local,password123,user
637,Vijaya,vijaya@shopsmart.local,password123,user
638,muntasir kayal,muntasirkayal@shopsmart.local,password123,user
639,Hitesh,hitesh@shopsmart.local,password123,user
640,Amazon Customer,amazoncustomer@shopsmart.local,password123,user
641,Vignesh Prabu VP,vigneshprabuvp@shopsmart.local,password123,user
642,Ramana KV,ramanakv@shopsmart.local,password123,user
643,Dr Ajay Bindra,drajaybindra@shopsmart.local,password123,user
644,Abhilasha,abhilasha@shopsmart.local,password123,user
645,T.Sharanvelan,t.sharanvelan@shopsmart.local,password123,user
646,Deepthi,deepthi@shopsmart.local,password123,user
647,Bazil,bazil@shopsmart.local,password123,user
648,Koustav Gayen,koustavgayen@shopsmart.local,password123,user
649,Amol G.,amolg.@shopsmart.local,password123,user
650,SUPER HEAT,superheat@shopsmart.local,password123,user
651,Suraj,suraj@shopsmart.local,password123,user
652,Amaan Ahmad,amaanahmad@shopsmart.local,password123,user
653,RajendraK Tiwari,rajendraktiwari@shopsmart.local,password123,user
654,Vijay,vijay@shopsmart.local,password123,user
655,Aditya Kumar,adityakumar@shopsmart.local,password123,user
656,Fardeen mujawar,fardeenmujawar@shopsmart.local,password123,user
657,AmazonCustomermh7790,amazoncustomermh7790@shopsmart.local,password123,user
658,Prasad,prasad@shopsmart.local,password123,user
659,Srikkanth,srikkanth@shopsmart.local,password123,user
660,Ashraf Akhter,ashrafakhter@shopsmart.local,password123,user
661,Aradhna Aadhya,aradhnaaadhya@shopsmart.local,password123,user
662,Akhil Raj Kunwar,akhilrajkunwar@shopsmart.local,password123,user
663,Amazon Customer,amazoncustomer@shopsmart.local,password123,user
664,Rajesh sharma,rajeshsharma@shopsmart.local,password123,user
665,Tech boy,techboy@shopsmart.local,password123,user
666,Kanta Khaksa,kantakhaksa@shopsmart.local,password123,user
667,Prince rabha,princerabha@shopsmart.local,password123,user
668,Aditya Chauhan,adityachauhan@shopsmart.local,password123,user
669,Santosh,santosh@shopsmart.local,password123,user
670,Naresh R.,nareshr.@shopsmart.local,password123,user
671,Pranav,pranav@shopsmart.local,password123,user
672,Siddhesh s.,siddheshs.@shopsmart.local,password123,user
673,madhu AR,madhuar@shopsmart.local,password123,user
674,RUPESH BISHT,rupeshbisht@shopsmart.local,password123,user
675,Nagarjuna Pavan Kumar G,nagarjunapavankumarg@shopsmart.local,password123,user
676,Naveenkumar.K,naveenkumar.k@shopsmart.local,password123,user
677,Javid Nisar,javidnisar@shopsmart.local,password123,user
678,Shibendra,shibendra@shopsmart.local,password123,user
679,KS,ks@shopsmart.local,password123,user
680,Ayush pandey,ayushpandey@shopsmart.local,password123,user
681,Abhay N.,abhayn.@shopsmart.local,password123,user
682,Certified customer,certifiedcustomer@shopsmart.local,password123,user
683,Amazon Customer,amazoncustomer@shopsmart.local,password123,user
684,Good,good@shopsmart.local,password123,user
685,Josh Crooner,joshcrooner@shopsmart.local,password123,user
686,S.mohan,s.mohan@shopsmart.local,password123,user
687,Saurabh nath Jha,saurabhnathjha@shopsmart.local,password123,user
688,pushpendra kumar,pushpendrakumar@shopsmart.local,password123,user
689,Madhav Ashokan,madhavashokan@shopsmart.local,password123,user
690,Sreelal S,sreelals@shopsmart.local,password123,user
691,Padmanabhan R,padmanabhanr@shopsmart.local,password123,user
692,Evangelyssa,evangelyssa@shopsmart.local,password123,user
693,Rudra patra,rudrapatra@shopsmart.local,password123,user
694,Hayat Ansari,hayatansari@shopsmart.local,password123,user
695,Anwesh Gudepu,anweshgudepu@shopsmart.local,password123,user
696,p a joseph,pajoseph@shopsmart.local,password123,user
697,Ashish Pyasi,ashishpyasi@shopsmart.local,password123,user
698,Yugandhar Menda,yugandharmenda@shopsmart.local,password123,user
699,& I Am IronMan,&iamironman@shopsmart.local,password123,user
700,RISHABH K.,rishabhk.@shopsmart.local,password123,user
701,Abhiram Ganesh,abhiramganesh@shopsmart.local,password123,user
702,rajiv,rajiv@shopsmart.local,password123,user
703,Dhineshkumar,dhineshkumar@shopsmart.local,password123,user
704,Jayanta,jayanta@shopsmart.local,password123,user
705,IAMSRK,iamsrk@shopsmart.local,password123,user
706,Dilip Panchal,dilippanchal@shopsmart.local,password123,user
707,Indrani B.,indranib.@shopsmart.local,password123,user
708,Amol W.,amolw.@shopsmart.local,password123,user
709,Geetanshu Dev,geetanshudev@shopsmart.local,password123,user
710,Abhay Gupta,abhaygupta@shopsmart.local,password123,user
711,Kamaldeep Singh,kamaldeepsingh@shopsmart.local,password123,user
712,Mohammad Shadab Mozaffar,mohammadshadabmozaffar@shopsmart.local,password123,user
713,hrithik,hrithik@shopsmart.local,password123,user
714,Dhruv Sharma,dhruvsharma@shopsmart.local,password123,user
715,Basim,basim@shopsmart.local,password123,user
716,Devashish Gautam,devashishgautam@shopsmart.local,password123,user
717,Surajit Patra,surajitpatra@shopsmart.local,password123,user
718,a.john,a.john@shopsmart.local,password123,user
719,Lingaraj Naik,lingarajnaik@shopsmart.local,password123,user
720,Amit  Kumar Chaudhary,amitkumarchaudhary@shopsmart.local,password123,user
721,Rayees Tigadi,rayeestigadi@shopsmart.local,password123,user
722,Prabakaran V,prabakaranv@shopsmart.local,password123,user
723,Sachin Goel,sachingoel@shopsmart.local,password123,user
724,Ashwin,ashwin@shopsmart.local,password123,user
725,jatin.,jatin.@shopsmart.local,password123,user
726,Md asif akhter,mdasifakhter@shopsmart.local,password123,user
727,SUBODH RAJ M S,subodhrajms@shopsmart.local,password123,user
728,Mb,mb@shopsmart.local,password123,user
729,Sayan,sayan@shopsmart.local,password123,user
730,ESWARAN,eswaran@shopsmart.local,password123,user
731,Bhawna,bhawna@shopsmart.local,password123,user
732,Sreekumar KURUMALIKKAL,sreekumarkurumalikkal@shopsmart.local,password123,user
733,ba_doh,ba_doh@shopsmart.local,password123,user
734,Sudesh,sudesh@shopsmart.local,password123,user
735,Amazon Customer,amazoncustomer@shopsmart.local,password123,user
736,vipul agnihotri,vipulagnihotri@shopsmart.local,password123,user
737,Anurag a.,anuraga.@shopsmart.local,password123,user
738,Akil,akil@shopsmart.local,password123,user
739,Harshit,harshit@shopsmart.local,password123,user
740,Sib,sib@shopsmart.local,password123,user
741,Shanu SwamiKohar,shanuswamikohar@shopsmart.local,password123,user
742,dgp raju,dgpraju@shopsmart.local,password123,user
743,Amazon P.,amazonp.@shopsmart.local,password123,user
744,Vikash Kumar,vikashkumar@shopsmart.local,password123,user
745,Jagroop Singh,jagroopsingh@shopsmart.local,password123,user
746,Sandeep,sandeep@shopsmart.local,password123,user
747,iVan,ivan@shopsmart.local,password123,user
748,Chittibabu M,chittibabum@shopsmart.local,password123,user
749,Om Shankar,omshankar@shopsmart.local,password123,user
750,Amazon Customer,amazoncustomer@shopsmart.local,password123,user
751,S Y,sy@shopsmart.local,password123,user
752,neeraj vashisht,neerajvashisht@shopsmart.local,password123,user
753,Pranesh,pranesh@shopsmart.local,password123,user
754,manoj tanwar,manojtanwar@shopsmart.local,password123,user
755,Arijit,arijit@shopsmart.local,password123,user
756,shardendu dwivedi,shardendudwivedi@shopsmart.local,password123,user
757,Suri Babu,suribabu@shopsmart.local,password123,user
758,Mithila Saha,mithilasaha@shopsmart.local,password123,user
759,Kiran jot,kiranjot@shopsmart.local,password123,user
760,divya,divya@shopsmart.local,password123,user
761,Amazon Customer,amazoncustomer@shopsmart.local,password123,user
762,RAMEN MONDAL,ramenmondal@shopsmart.local,password123,user
763,Vikash ranjan,vikashranjan@shopsmart.local,password123,user
764,Swapnil Mane,swapnilmane@shopsmart.local,password123,user
765,koustav,koustav@shopsmart.local,password123,user
766,Sachin Ramola,sachinramola@shopsmart.local,password123,user
767,L B,lb@shopsmart.local,password123,user
768,Nirupma Kumari,nirupmakumari@shopsmart.local,password123,user
769,Amresh Tiwari,amreshtiwari@shopsmart.local,password123,user
770,dharshnaselvan,dharshnaselvan@shopsmart.local,password123,user
771,manmeet gupta,manmeetgupta@shopsmart.local,password123,user
772,Vipin Arora,vipinarora@shopsmart.local,password123,user
773,Rajesh kumar,rajeshkumar@shopsmart.local,password123,user
774,Icu,icu@shopsmart.local,password123,user
775,Arun siddharth jr,arunsiddharthjr@shopsmart.local,password123,user
776,videv,videv@shopsmart.local,password123,user
777,ANIL. KUMAR,anil.kumar@shopsmart.local,password123,user
778,Lakshminarayana G,lakshminarayanag@shopsmart.local,password123,user
779,Sivakrishna,sivakrishna@shopsmart.local,password123,user
780,Avi kaur,avikaur@shopsmart.local,password123,user
781,Shaji Kuruvilla,shajikuruvilla@shopsmart.local,password123,user
782,Liz M,lizm@shopsmart.local,password123,user
783,Hariom,hariom@shopsmart.local,password123,user
784,Usha,usha@shopsmart.local,password123,user
785,BISHAL,bishal@shopsmart.local,password123,user
786,Ishan,ishan@shopsmart.local,password123,user
787,Phani Prasad N,phaniprasadn@shopsmart.local,password123,user
788,Ram Avtar,ramavtar@shopsmart.local,password123,user
789,SANDEEP BANNAJJI,sandeepbannajji@shopsmart.local,password123,user
790,Rajiv Ranjan Singh,rajivranjansingh@shopsmart.local,password123,user
791,Abhilash Sengupta,abhilashsengupta@shopsmart.local,password123,user
792,Aravind,aravind@shopsmart.local,password123,user
793,ll,ll@shopsmart.local,password123,user
794,Ocean,ocean@shopsmart.local,password123,user
795,hufriya kavarana,hufriyakavarana@shopsmart.local,password123,user
796,Madhuri Khanolkar,madhurikhanolkar@shopsmart.local,password123,user
797,Amazon Customer,amazoncustomer@shopsmart.local,password123,user
798,Atharva kambale,atharvakambale@shopsmart.local,password123,user
799,Kulsoom Hussain,kulsoomhussain@shopsmart.local,password123,user
800,SELVA velayutham,selvavelayutham@shopsmart.local,password123,user
801,alok tripathi,aloktripathi@shopsmart.local,password123,user
802,ZenGirl,zengirl@shopsmart.local,password123,user
803,Prashant,prashant@shopsmart.local,password123,user
804,Prathiba R,prathibar@shopsmart.local,password123,user
805,Md amzad khan,mdamzadkhan@shopsmart.local,password123,user
806,Ananya,ananya@shopsmart.local,password123,user
807,Sathish Kumar,sathishkumar@shopsmart.local,password123,user
808,vaneesha,vaneesha@shopsmart.local,password123,user
809,Robin,robin@shopsmart.local,password123,user
810,SURAJ VERMA,surajverma@shopsmart.local,password123,user
811,Vicky sahu,vickysahu@shopsmart.local,password123,user
812,Deepak Kumar,deepakkumar@shopsmart.local,password123,user
813,Vivek Koushik,vivekkoushik@shopsmart.local,password123,user
814,Vikas Singh,vikassingh@shopsmart.local,password123,user
815,Samrat Singh,samratsingh@shopsmart.local,password123,user
816,Monika kochhar,monikakochhar@shopsmart.local,password123,user
817,Sneha W.,snehaw.@shopsmart.local,password123,user
818,Aditi,aditi@shopsmart.local,password123,user
819,Balaji,balaji@shopsmart.local,password123,user
820,Raunak Kumar,raunakkumar@shopsmart.local,password123,user
821,Joydeep Bhattacharjee,joydeepbhattacharjee@shopsmart.local,password123,user
822,ARCHANA SINGH,archanasingh@shopsmart.local,password123,user
823,Bala J,balaj@shopsmart.local,password123,user
824,TK Saha,tksaha@shopsmart.local,password123,user
825,niket,niket@shopsmart.local,password123,user
826,ruhi a.,ruhia.@shopsmart.local,password123,user
827,Rohit,rohit@shopsmart.local,password123,user
828,NARENDRA A.,narendraa.@shopsmart.local,password123,user
829,Kewal k.,kewalk.@shopsmart.local,password123,user
830,Jyoti Dwivedi,jyotidwivedi@shopsmart.local,password123,user
831,Anjali,anjali@shopsmart.local,password123,user
832,Partha Sen,parthasen@shopsmart.local,password123,user
833,Annonymous,annonymous@shopsmart.local,password123,user
834,Aam Adami for India.,aamadamiforindia.@shopsmart.local,password123,user
835,Soorya,soorya@shopsmart.local,password123,user
836,Amazon Customer,amazoncustomer@shopsmart.local,password123,user
837,Dr.  Balasubramanian Pechimuthu,dr.balasubramanianpechimuthu@shopsmart.local,password123,user
838,Abha Rani,abharani@shopsmart.local,password123,user
839,Suryaranjan S.,suryaranjans.@shopsmart.local,password123,user
840,Prabhat,prabhat@shopsmart.local,password123,user
841,Tan,tan@shopsmart.local,password123,user
842,Ekambaram,ekambaram@shopsmart.local,password123,user
843,K Ramesh,kramesh@shopsmart.local,password123,user
844,manisha,manisha@shopsmart.local,password123,user
845,MEWT,mewt@shopsmart.local,password123,user
846,Rohit Dudeja,rohitdudeja@shopsmart.local,password123,user
847,Pooja,pooja@shopsmart.local,password123,user
848,Raj Patel,rajpatel@shopsmart.local,password123,user
849,Ashish,ashish@shopsmart.local,password123,user
850,Priyanka Das,priyankadas@shopsmart.local,password123,user
851,⚡ Pushpendra Singh Patel ⚡,⚡pushpendrasinghpatel⚡@shopsmart.local,password123,user
852,Shiv Kumar Saini,shivkumarsaini@shopsmart.local,password123,user
853,gowtham saran,gowthamsaran@shopsmart.local,password123,user
854,Rakesh,rakesh@shopsmart.local,password123,user
855,Yogita g.,yogitag.@shopsmart.local,password123,user
856,santosh,santosh@shopsmart.local,password123,user
857,Shreya Saxena,shreyasaxena@shopsmart.local,password123,user
858,Vikram Chesetty,vikramchesetty@shopsmart.local,password123,user
859,kanwar Singh,kanwarsingh@shopsmart.local,password123,user
860,Rahul,rahul@shopsmart.local,password123,user
861,Rohan Bhosale,rohanbhosale@shopsmart.local,password123,user
862,Durga Prasadu,durgaprasadu@shopsmart.local,password123,user
863,Priya Tewari,priyatewari@shopsmart.local,password123,user
864,Vayun,vayun@shopsmart.local,password123,user
865,R.Ravinder,r.ravinder@shopsmart.local,password123,user
866,Smithil,smithil@shopsmart.local,password123,user
867,Arivazhagan,arivazhagan@shopsmart.local,password123,user
868,Neha Gupta,nehagupta@shopsmart.local,password123,user
869,Samson,samson@shopsmart.local,password123,user
870,SARAN,saran@shopsmart.local,password123,user
871,Swathi,swathi@shopsmart.local,password123,user
872,Akash,akash@shopsmart.local,password123,user
873,Vivek,vivek@shopsmart.local,password123,user
874,tarun,tarun@shopsmart.local,password123,user
875,Naitik Parekh,naitikparekh@shopsmart.local,password123,user
876,Amazon Customer,amazoncustomer@shopsmart.local,password123,user
877,Ulhas,ulhas@shopsmart.local,password123,user
878,Amandeep singh,amandeepsingh@shopsmart.local,password123,user
879,Rattan Lal Narula,rattanlalnarula@shopsmart.local,password123,user
880,Shahnawaz khan,shahnawazkhan@shopsmart.local,password123,user
881,Alpana Das,alpanadas@shopsmart.local,password123,user
882,9848023076,9848023076@shopsmart.local,password123,user
883,Anon,anon@shopsmart.local,password123,user
884,Mahesh Thakur,maheshthakur@shopsmart.local,password123,user
885,Rahul Miranda,rahulmiranda@shopsmart.local,password123,user
886,Nidha,nidha@shopsmart.local,password123,user
887,Amisha Nath,amishanath@shopsmart.local,password123,user
888,Nasim shaikh,nasimshaikh@shopsmart.local,password123,user
889,Shahul hameed,shahulhameed@shopsmart.local,password123,user
890,Krishnakumar,krishnakumar@shopsmart.local,password123,user
891,Aisha,aisha@shopsmart.local,password123,user
892,Dhatwalia,dhatwalia@shopsmart.local,password123,user
893,Dharmender Sharma,dharmendersharma@shopsmart.local,password123,user
894,Ravi,ravi@shopsmart.local,password123,user
895,deepak jha,deepakjha@shopsmart.local,password123,user
896,Ms Subba,mssubba@shopsmart.local,password123,user
897,Tapan Dutta,tapandutta@shopsmart.local,password123,user
898,Shravan,shravan@shopsmart.local,password123,user
899,Amazon Customer,amazoncustomer@shopsmart.local,password123,user
900,Rahul,rahul@shopsmart.local,password123,user
901,Ponnuri Gopie Krishna,ponnurigopiekrishna@shopsmart.local,password123,user
902,Gulshan,gulshan@shopsmart.local,password123,user
903,Priti jain,pritijain@shopsmart.local,password123,user
904,Priti Sharma,pritisharma@shopsmart.local,password123,user
905,vignesh,vignesh@shopsmart.local,password123,user
906,Amit Khiwal,amitkhiwal@shopsmart.local,password123,user
907,Ruhi Mir,ruhimir@shopsmart.local,password123,user
908,Mahenddhra,mahenddhra@shopsmart.local,password123,user
909,SUNIL KUMAR BHIKHA BHAI RATHOD,sunilkumarbhikhabhairathod@shopsmart.local,password123,user
910,S.Anbarasan,s.anbarasan@shopsmart.local,password123,user
911,Amazon Customer,amazoncustomer@shopsmart.local,password123,user
912,I am patel,iampatel@shopsmart.local,password123,user
913,Lipsy Mohapatra,lipsymohapatra@shopsmart.local,password123,user
914,sharad shedge,sharadshedge@shopsmart.local,password123,user
915,JAYAPRAKASH P,jayaprakashp@shopsmart.local,password123,user
916,Shubhajeet D.,shubhajeetd.@shopsmart.local,password123,user
917,Aditya Tapkir,adityatapkir@shopsmart.local,password123,user
918,Ajay,ajay@shopsmart.local,password123,user
919,Tanveer,tanveer@shopsmart.local,password123,user
920,Sandesh,sandesh@shopsmart.local,password123,user
921,Naveen,naveen@shopsmart.local,password123,user
922,tamilarasi,tamilarasi@shopsmart.local,password123,user
923,Learning always,learningalways@shopsmart.local,password123,user
924,S.saravanan,s.saravanan@shopsmart.local,password123,user
925,Vikram das,vikramdas@shopsmart.local,password123,user
926,Kindle Customer,kindlecustomer@shopsmart.local,password123,user
927,Tushar A.,tushara.@shopsmart.local,password123,user
928,Subanathan,subanathan@shopsmart.local,password123,user
929,manian,manian@shopsmart.local,password123,user
930,Dinesh,dinesh@shopsmart.local,password123,user
931,123MovieTime,123movietime@shopsmart.local,password123,user
932,Trusted User,trusteduser@shopsmart.local,password123,user
933,Axis Web Art Private Limited,axiswebartprivatelimited@shopsmart.local,password123,user
934,shammi,shammi@shopsmart.local,password123,user
935,Durgaprasad g.,durgaprasadg.@shopsmart.local,password123,user
936,Gajendra Kumar sharma,gajendrakumarsharma@shopsmart.local,password123,user
937,Dev Shah,devshah@shopsmart.local,password123,user
938,Virjesh,virjesh@shopsmart.local,password123,user
939,SATENDRA SAINI,satendrasaini@shopsmart.local,password123,user
940,Amazon Customer,amazoncustomer@shopsmart.local,password123,user
941,Syed sarfarazuddin,syedsarfarazuddin@shopsmart.local,password123,user
942,Prasad Kulasekar,prasadkulasekar@shopsmart.local,password123,user
943,Vysh,vysh@shopsmart.local,password123,user
944,Gopal Krishan,gopalkrishan@shopsmart.local,password123,user
945,Amit Sood,amitsood@shopsmart.local,password123,user
946,Q,q@shopsmart.local,password123,user
947,Sri,sri@shopsmart.local,password123,user
948,Rachna,rachna@shopsmart.local,password123,user
949,S K THAKUR,skthakur@shopsmart.local,password123,user
950,Nadeem,nadeem@shopsmart.local,password123,user
951,Manya,manya@shopsmart.local,password123,user
952,Nadia,nadia@shopsmart.local,password123,user
953,Sharfuddin Baba Mohammed,sharfuddinbabamohammed@shopsmart.local,password123,user
954,XYZ,xyz@shopsmart.local,password123,user
955,Jagdeep,jagdeep@shopsmart.local,password123,user
956,Aliahmed Khan,aliahmedkhan@shopsmart.local,password123,user
957,devadas,devadas@shopsmart.local,password123,user
958,Angel👼,angel👼@shopsmart.local,password123,user
959,Kavya jain,kavyajain@shopsmart.local,password123,user
960,M L.,ml.@shopsmart.local,password123,user
961,ajaydreamer,ajaydreamer@shopsmart.local,password123,user
962,Renu,renu@shopsmart.local,password123,user
963,Vaibhav G.,vaibhavg.@shopsmart.local,password123,user
964,MANEESH Jaggari,maneeshjaggari@shopsmart.local,password123,user
965,shiny,shiny@shopsmart.local,password123,user
966,Customer,customer@shopsmart.local,password123,user
967,ABC user,abcuser@shopsmart.local,password123,user
968,Manish Holla,manishholla@shopsmart.local,password123,user
969,Lachhu Tejwani,lachhutejwani@shopsmart.local,password123,user
970,Rahul chauhan,rahulchauhan@shopsmart.local,password123,user
971,Chesin Cherian,chesincherian@shopsmart.local,password123,user
972,Yogesh,yogesh@shopsmart.local,password123,user
973,Chittaranjan Gantayat,chittaranjangantayat@shopsmart.local,password123,user
974,Rajeev M,rajeevm@shopsmart.local,password123,user
975,Reena Rodrigues.,reenarodrigues.@shopsmart.local,password123,user
976,Amazon Customer,amazoncustomer@shopsmart.local,password123,user
977,asha chatri,ashachatri@shopsmart.local,password123,user
978,bharath,bharath@shopsmart.local,password123,user
979,Khush,khush@shopsmart.local,password123,user
980,Lokesh Shukla,lokeshshukla@shopsmart.local,password123,user
981,ANILKUMAR,anilkumar@shopsmart.local,password123,user
982,Anshuk Pani,anshukpani@shopsmart.local,password123,user
983,Nitin G.,niting.@shopsmart.local,password123,user
984,AV,av@shopsmart.local,password123,user
985,Amazon Customer,amazoncustomer@shopsmart.local,password123,user
986,Aryan Raj Singh,aryanrajsingh@shopsmart.local,password123,user
987,Divya,divya@shopsmart.local,password123,user
988,Tabassum,tabassum@shopsmart.local,password123,user
989,ASIF ANSARI,asifansari@shopsmart.local,password123,user
990,Alok Vajpayee,alokvajpayee@shopsmart.local,password123,user
991,Jignesh malvi,jigneshmalvi@shopsmart.local,password123,user
992,Srishty,srishty@shopsmart.local,password123,user
993,Sunny Senpai,sunnysenpai@shopsmart.local,password123,user
994,Yashvant Gote,yashvantgote@shopsmart.local,password123,user
995,David,david@shopsmart.local,password123,user
996,Arjun A,arjuna@shopsmart.local,password123,user
997,Manish Mehekare,manishmehekare@shopsmart.local,password123,user
998,Subhajit Sadhu,subhajitsadhu@shopsmart.local,password123,user
999,Kanwar Singh,kanwarsingh@shopsmart.local,password123,user
1000,Vivek,vivek@shopsmart.local,password123,user
1001,Chanchal Gurjar,chanchalgurjar@shopsmart.local,password123,user
1002,Amit Singh,amitsingh@shopsmart.local,password123,user
1003,Ravi,ravi@shopsmart.local,password123,user
1004,Ravinder kumar,ravinderkumar@shopsmart.local,password123,user
1005,A.sh,a.sh@shopsmart.local,password123,user
1006,vipin,vipin@shopsmart.local,password123,user
1007,nikhil,nikhil@shopsmart.local,password123,user
1008,vaibhav anand,vaibhavanand@shopsmart.local,password123,user
1009,Amazon Customer,amazoncustomer@shopsmart.local,password123,user
1010,Bharath,bharath@shopsmart.local,password123,user
1011,9640185788,9640185788@shopsmart.local,password123,user
1012,Sunil Khandagale,sunilkhandagale@shopsmart.local,password123,user
1013,Sachin Sahu,sachinsahu@shopsmart.local,password123,user
1014,Jaydeep,jaydeep@shopsmart.local,password123,user
1015,Shivraj,shivraj@shopsmart.local,password123,user
1016,Vasanta Koli,vasantakoli@shopsmart.local,password123,user
1017,Manidipa Sengupta,manidipasengupta@shopsmart.local,password123,user
1018,PK,pk@shopsmart.local,password123,user
1019,Dhamotharan,dhamotharan@shopsmart.local,password123,user
1020,Surya,surya@shopsmart.local,password123,user
1021,Vishnu S. Mishra,vishnus.mishra@shopsmart.local,password123,user
1022,Amazon Customer,amazoncustomer@shopsmart.local,password123,user
1023,Ritika,ritika@shopsmart.local,password123,user
1024,deepika chaturvedi,deepikachaturvedi@shopsmart.local,password123,user
1025,Bobby,bobby@shopsmart.local,password123,user
1026,Gopal   Bhakat,gopalbhakat@shopsmart.local,password123,user
1027,Aniket Chudnaik,aniketchudnaik@shopsmart.local,password123,user
1028,Nishant sharma,nishantsharma@shopsmart.local,password123,user
1029,VINAY,vinay@shopsmart.local,password123,user
1030,Sheetal Satish,sheetalsatish@shopsmart.local,password123,user
1031,prem chand,premchand@shopsmart.local,password123,user
1032,Shivang,shivang@shopsmart.local,password123,user
1033,Kindle Customer,kindlecustomer@shopsmart.local,password123,user
1034,Nipurn Ruhela,nipurnruhela@shopsmart.local,password123,user
1035,Aniruddha biswas,aniruddhabiswas@shopsmart.local,password123,user
1036,Anshika Verma,anshikaverma@shopsmart.local,password123,user
1037,NIKITA,nikita@shopsmart.local,password123,user
1038,Mukta Khan,muktakhan@shopsmart.local,password123,user
1039,JASWANTSINGH,jaswantsingh@shopsmart.local,password123,user
1040,Boo,boo@shopsmart.local,password123,user
1041,GB SLG,gbslg@shopsmart.local,password123,user
1042,Hem,hem@shopsmart.local,password123,user
1043,Karan Singh,karansingh@shopsmart.local,password123,user
1044,manjula,manjula@shopsmart.local,password123,user
1045,Liliput99,liliput99@shopsmart.local,password123,user
1046,Nikhil Kumar Singh,nikhilkumarsingh@shopsmart.local,password123,user
1047,Manish kumar,manishkumar@shopsmart.local,password123,user
1048,jaydeep barad,jaydeepbarad@shopsmart.local,password123,user
1049,Sivaraman S,sivaramans@shopsmart.local,password123,user
1050,Placeholder,placeholder@shopsmart.local,password123,user
1051,Amit,amit@shopsmart.local,password123,user
1052,Vinod,vinod@shopsmart.local,password123,user
1053,Srishti Agraharrie,srishtiagraharrie@shopsmart.local,password123,user
1054,Vivi nyuthe,vivinyuthe@shopsmart.local,password123,user
1055,Anuj Dhingra (Gadget Gig),anujdhingra(gadgetgig)@shopsmart.local,password123,user
1056,s_ray77,s_ray77@shopsmart.local,password123,user
1057,srikanthmk,srikanthmk@shopsmart.local,password123,user
1058,Lakshmi d.,lakshmid.@shopsmart.local,password123,user
1059,E.GURUBARAN,e.gurubaran@shopsmart.local,password123,user
1060,Ritu,ritu@shopsmart.local,password123,user
1061,ABHISHEK KUMAR,abhishekkumar@shopsmart.local,password123,user
1062,dr. sunil,dr.sunil@shopsmart.local,password123,user
1063,Navin thawani,navinthawani@shopsmart.local,password123,user
1064,Sheila Araujo,sheilaaraujo@shopsmart.local,password123,user
1065,Amazon Customer,amazoncustomer@shopsmart.local,password123,user
1066,Amazon Customer,amazoncustomer@shopsmart.local,password123,user
1067,Svblue,svblue@shopsmart.local,password123,user
1068,Asha Saraswat,ashasaraswat@shopsmart.local,password123,user
1069,Aftab mulani,aftabmulani@shopsmart.local,password123,user
1070,Akash Yadav,akashyadav@shopsmart.local,password123,user
1071,Vikas kabra,vikaskabra@shopsmart.local,password123,user
1072,Vijay sharma,vijaysharma@shopsmart.local,password123,user
1073,Dr Yashaswi Dalal,dryashaswidalal@shopsmart.local,password123,user
1074,Amazon Customer,amazoncustomer@shopsmart.local,password123,user
1075,Rajnish Sood,rajnishsood@shopsmart.local,password123,user
1076,Sudhirw,sudhirw@shopsmart.local,password123,user
1077,Himasrivastava,himasrivastava@shopsmart.local,password123,user
1078,Swati Chaudhari,swatichaudhari@shopsmart.local,password123,user
1079,Gautam B.,gautamb.@shopsmart.local,password123,user
1080,Buyer (Name protected),buyer(nameprotected)@shopsmart.local,password123,user
1081,Karthikeyan J,karthikeyanj@shopsmart.local,password123,user
1082,Naina,naina@shopsmart.local,password123,user
1083,Sudhakar Samuel,sudhakarsamuel@shopsmart.local,password123,user
1084,Sumit,sumit@shopsmart.local,password123,user
1085,Amit,amit@shopsmart.local,password123,user
1086,Aashishnautiyal,aashishnautiyal@shopsmart.local,password123,user
1087,Nikhilesh T.,nikhilesht.@shopsmart.local,password123,user
1088,Amazon Customer,amazoncustomer@shopsmart.local,password123,user
1089,mirza f.,mirzaf.@shopsmart.local,password123,user
1090,Amazon Customer,amazoncustomer@shopsmart.local,password123,user
1091,Pratik garg,pratikgarg@shopsmart.local,password123,user
1092,Dinesh,dinesh@shopsmart.local,password123,user
1093,Imran Ahmed K,imranahmedk@shopsmart.local,password123,user
1094,Gyani baba,gyanibaba@shopsmart.local,password123,user
1095,Srujan kumar,srujankumar@shopsmart.local,password123,user
1096,Pierre Francis,pierrefrancis@shopsmart.local,password123,user
1097,Samsakthi2008,samsakthi2008@shopsmart.local,password123,user
1098,vijay patel,vijaypatel@shopsmart.local,password123,user
1099,MM,mm@shopsmart.local,password123,user
1100,Rahul Todur,rahultodur@shopsmart.local,password123,user
1101,sudesh h.,sudeshh.@shopsmart.local,password123,user
1102,Aadhityaa,aadhityaa@shopsmart.local,password123,user
1103,Bindu,bindu@shopsmart.local,password123,user
1104,Rajeev Lochan Brahman,rajeevlochanbrahman@shopsmart.local,password123,user
1105,rhymerium,rhymerium@shopsmart.local,password123,user
1106,Deepak,deepak@shopsmart.local,password123,user
1107,Ronish,ronish@shopsmart.local,password123,user
1108,A H.,ah.@shopsmart.local,password123,user
1109,Jasmin Azzuhoor,jasminazzuhoor@shopsmart.local,password123,user
1110,Santhosh,santhosh@shopsmart.local,password123,user
1111,Sonu kumar singh,sonukumarsingh@shopsmart.local,password123,user
1112,Ayush kumar Prajapati,ayushkumarprajapati@shopsmart.local,password123,user
1113,Priya S.,priyas.@shopsmart.local,password123,user
1114,Vinesh,vinesh@shopsmart.local,password123,user
1115,Vineeth,vineeth@shopsmart.local,password123,user
1116,Ateendra GN,ateendragn@shopsmart.local,password123,user
1117,Ramaan Singh,ramaansingh@shopsmart.local,password123,user
1118,Hem Chand,hemchand@shopsmart.local,password123,user
1119,Amazon Customer,amazoncustomer@shopsmart.local,password123,user
1120,Ashish Mishra,ashishmishra@shopsmart.local,password123,user
1121,Riya,riya@shopsmart.local,password123,user
1122,ASHFAK KHAN,ashfakkhan@shopsmart.local,password123,user
1123,Satya Ghettem,satyaghettem@shopsmart.local,password123,user
1124,kishor kumar,kishorkumar@shopsmart.local,password123,user
1125,Esther newmai,esthernewmai@shopsmart.local,password123,user
1126,chetan,chetan@shopsmart.local,password123,user
1127,Nanki,nanki@shopsmart.local,password123,user
1128,rahul,rahul@shopsmart.local,password123,user
1129,PRADEEP KUMAR,pradeepkumar@shopsmart.local,password123,user
1130,Anshu,anshu@shopsmart.local,password123,user
1131,Vasu P,vasup@shopsmart.local,password123,user
1132,Shalini A,shalinia@shopsmart.local,password123,user
1133,S@NU,s@nu@shopsmart.local,password123,user
1134,Poonam k.,poonamk.@shopsmart.local,password123,user
1135,Tengop,tengop@shopsmart.local,password123,user
1136,Sai,sai@shopsmart.local,password123,user
1137,Vinit S.,vinits.@shopsmart.local,password123,user
1138,A.D.PAUL & CO.,a.d.paul&co.@shopsmart.local,password123,user
1139,Sunil ashat,sunilashat@shopsmart.local,password123,user
1140,Abhishek Dutta,abhishekdutta@shopsmart.local,password123,user
1141,Dattatray Jadhav,dattatrayjadhav@shopsmart.local,password123,user
1142,Vamsi,vamsi@shopsmart.local,password123,user
1143,Taniya singh,taniyasingh@shopsmart.local,password123,user
1144,Prakash,prakash@shopsmart.local,password123,user
1145,Varun Dubey,varundubey@shopsmart.local,password123,user
1146,Govind Khatri,govindkhatri@shopsmart.local,password123,user
1147,Dasarath rao,dasarathrao@shopsmart.local,password123,user
1148,p c joshi,pcjoshi@shopsmart.local,password123,user
1149,Rohan Sakhare,rohansakhare@shopsmart.local,password123,user
1150,nagarjuna pedamuthi,nagarjunapedamuthi@shopsmart.local,password123,user
1151,Lulzdrone,lulzdrone@shopsmart.local,password123,user
1152,Narinder Kaur,narinderkaur@shopsmart.local,password123,user
1153,Shravan patel,shravanpatel@shopsmart.local,password123,user
1154,Sandip Biswas,sandipbiswas@shopsmart.local,password123,user
1155,Anmol Khanna,anmolkhanna@shopsmart.local,password123,user
1156,Placeholder,placeholder@shopsmart.local,password123,user
1157,Megha Gadiya,meghagadiya@shopsmart.local,password123,user
1158,Deepak B.,deepakb.@shopsmart.local,password123,user
1159,Sumit kumar,sumitkumar@shopsmart.local,password123,user
1160,Vaishnavi,vaishnavi@shopsmart.local,password123,user
1161,Manoj Kumar,manojkumar@shopsmart.local,password123,user
1162,Ashish,ashish@shopsmart.local,password123,user
1163,AmazonCust,amazoncust@shopsmart.local,password123,user
1164,gitesh jaiswal,giteshjaiswal@shopsmart.local,password123,user
1165,Kunal Sen,kunalsen@shopsmart.local,password123,user
1166,Prabha ds,prabhads@shopsmart.local,password123,user
1167,Manu Bhai,manubhai@shopsmart.local,password123,user
1168,Nehal Desai,nehaldesai@shopsmart.local,password123,user
1169,Shubham Dubey,shubhamdubey@shopsmart.local,password123,user
1170,Rajib,rajib@shopsmart.local,password123,user
